year,9/1,9/2,9/3,9/4,9/5,9/6,9/7,9/8,9/9,9/10,9/11,9/12,9/13,9/14,9/15,9/16,9/17,9/18,9/19,9/20,9/21,9/22,9/23,9/24,9/25,9/26,9/27,9/28,9/29,9/30,10/1,10/2,10/3,10/4,10/5,10/6,10/7,10/8,10/9,10/10,10/11,10/12,10/13,10/14,10/15,10/16,10/17,10/18,10/19,10/20,10/21,10/22,10/23,10/24,10/25,10/26,10/27,10/28,10/29,10/30,10/31,11/1,11/2,11/3,11/4,11/5,11/6,11/7,11/8,11/9,11/10,11/11,11/12,11/13,11/14,11/15,11/16,11/17,11/18,11/19,11/20,11/21,11/22,11/23,11/24,11/25,11/26,11/27,11/28,11/29,11/30,12/1,12/2,12/3,12/4,12/5,12/6,12/7,12/8,12/9,12/10,12/11,12/12,12/13,12/14,12/15,12/16,12/17,12/18,12/19,12/20,12/21,12/22,12/23,12/24,12/25,12/26,12/27,12/28,12/29,12/30,12/31,1/1,1/2,1/3,1/4,1/5,1/6,1/7,1/8,1/9,1/10,1/11,1/12,1/13,1/14,1/15,1/16,1/17,1/18,1/19,1/20,1/21,1/22,1/23,1/24,1/25,1/26,1/27,1/28,1/29,1/30,1/31,2/1,2/2,2/3,2/4,2/5,2/6,2/7,2/8,2/9,2/10,2/11,2/12,2/13,2/14,2/15,2/16,2/17,2/18,2/19,2/20,2/21,2/22,2/23,2/24,2/25,2/26,2/27,2/28,2/29,3/1,3/2,3/3,3/4,3/5,3/6,3/7,3/8,3/9,3/10,3/11,3/12,3/13,3/14,3/15,3/16,3/17,3/18,3/19,3/20,3/21,3/22,3/23,3/24,3/25,3/26,3/27,3/28,3/29,3/30,3/31,4/1,4/2,4/3,4/4,4/5,4/6,4/7,4/8,4/9,4/10,4/11,4/12,4/13,4/14,4/15,4/16,4/17,4/18,4/19,4/20,4/21,4/22,4/23,4/24,4/25,4/26,4/27,4/28,4/29,4/30,5/1,5/2,5/3,5/4,5/5,5/6,5/7,5/8,5/9,5/10,5/11,5/12,5/13,5/14,5/15,5/16,5/17,5/18,5/19,5/20,5/21,5/22,5/23,5/24,5/25,5/26,5/27,5/28,5/29,5/30,5/31,6/1,6/2,6/3,6/4,6/5,6/6,6/7,6/8,6/9,6/10,6/11,6/12,6/13,6/14,6/15,6/16,6/17,6/18,6/19,6/20,6/21,6/22,6/23,6/24,6/25,6/26,6/27,6/28,6/29,6/30
1954-1955,0,0,0,0,0,0,0,0,0,0,0,0,0,0,0,0,0,0,0,0,0,0,0,0,0,0,0,0,0,0,0,0,0,0,0,0,0,0,0,0,0,0,0,0,0,0,0,0,0,0,0,0,0,0,0,0,0,0,0,0,0,0,0,0,0,0,0,0,0,0,0,0,0,0,0,0,0,0,0,0,0,0,0,2,2,6,7,7,8,0,0,15,15,15,15,15,15,15,30,25,21,21,21,21,21,21,21,22,23,24,24,24,24,24,24,30,36,36,36,30,31,32,34,36,36,36,36,36,40,40,40,40,40,40,40,40,40,36,36,36,36,36,42,42,42,42,42,42,42,42,42,42,42,42,42,42,42,42,42,48,48,48,48,48,50,50,50,50,50,50,50,48,46,44,42,40,40,40,40,40,42,44,46,48,48,49,50,52,52,52,52,48,49,50,51,52,53,54,55,56,57,58,60,62,64,66,66,66,67,68,67,66,66,66,66,66,66,66,66,66,66,63,60,57,54,51,48,45,42,39,36,33,30,27,24,22,20,18,17,16,15,14,13,12,11,10,9,0,0,0,0,0,0,0,0,0,0,0,0,0,0,0,0,0,0,0,0,0,0,0,0,0,0,0,0,0,0,0,0,0,0,0,0,0,0,0,0,0,0,0,0,0,0,0,0,0,0,0,0,0,0,0,0,0
1955-1956,0,0,0,0,0,0,0,0,0,0,0,0,0,0,0,0,0,0,0,0,0,0,0,0,0,0,0,0,0,0,0,0,0,0,0,0,0,0,0,0,0,0,0,0,0,0,0,0,0,0,0,0,0,0,1,0,0,0,0,0,0,0,0,0,0,0,0,0,0,5,5,5,3,2,1,1,1,1,1,1,2,4,4,4,4,4,4,5,6,7,12,13,13,13,14,14,12,16,16,16,17,17,18,18,18,22,24,24,24,25,27,27,27,27,27,27,27,24,24,24,26,26,25,25,26,27,27,24,22,20,18,16,15,10,10,12,13,16,16,16,16,16,16,16,20,22,26,26,26,26,26,26,28,25,27,28,28,29,29,36,37,38,38,38,44,46,46,46,46,42,45,46,46,47,47,47,44,36,36,36,36,36,36,37,38,42,43,40,46,49,50,50,50,50,51,53,57,57,58,58,58,58,57,56,56,56,56,57,57,57,57,59,50,50,48,48,42,38,35,34,34,34,34,32,30,30,30,30,27,30,30,31,31,31,33,34,34,34,34,32,24,20,18,18,18,17,22,18,18,18,18,15,12,12,6,5,4,0,3,3,3,3,2,1,0,0,0,0,0,0,0,0,0,0,0,0,0,0,0,0,0,0,0,0,0,0,0,0,0,0,0,0,0,0,0,0,0,0,0,0,0,0,0,0
1956-1957,0,0,0,0,0,0,0,0,0,0,0,0,0,0,0,0,0,0,0,0,0,0,0,0,0,0,0,0,0,0,0,0,0,0,0,0,0,0,0,0,0,0,0,0,0,0,0,0,0,0,0,0,0,0,0,0,0,0,0,0,0,0,0,0,0,0,0,0,0,1,6,7,4,5,5,0,0,0,6,6,4,3,2,0,14,14,20,20,20,21,21,21,20,22,22,22,17,10,10,14,14,14,14,12,12,13,12,12,13,13,13,13,13,16,14,18,19,20,21,22,22,24,24,24,24,26,24,24,24,24,24,26,26,26,28,28,28,34,34,34,34,34,32,18,22,22,22,22,24,25,30,30,30,30,30,28,29,29,29,24,22,23,24,24,24,24,24,24,24,28,31,31,31,32,32,32,32,29,24,23,23,23,23,26,26,27,27,27,27,27,39,43,40,34,34,30,28,26,23,28,28,28,28,24,23,23,23,22,21,21,20,20,20,20,18,18,18,19,18,19,19,20,20,20,20,20,26,24,24,20,18,15,12,8,5,2,2,2,0,0,0,0,0,0,0,1,1,0,0,0,0,0,0,0,0,0,0,0,0,0,0,0,5,0,0,0,0,0,0,0,0,0,0,0,0,0,0,0,0,0,0,0,0,0,0,0,0,0,0,0,0,0,0,0,0,0,0,0,0,0,0,0,0,0
1957-1958,0,0,0,0,0,0,0,0,0,0,0,0,0,0,0,0,0,0,0,0,0,0,0,0,0,0,0,0,0,0,0,0,0,0,0,0,0,0,0,0,0,0,0,0,0,0,0,0,0,0,0,0,0,0,0,0,0,0,0,0,0,0,0,0,0,0,0,0,0,0,0,0,0,0,0,0,0,0,0,0,0,0,0,0,0,0,0,0,0,0,0,5,8,6,6,6,6,3,1,7,3,4,0,5,0,6,8,12,12,10,6,0,2,0,0,0,0,12,12,12,12,12,14,14,14,14,14,12,20,26,26,23,33,30,30,28,36,42,45,46,47,30,31,28,29,27,27,27,28,35,44,50,53,56,66,60,60,58,58,58,69,58,48,48,48,46,46,46,53,60,60,60,60,56,60,64,64,66,60,60,61,60,60,63,60,66,60,60,64,66,62,62,62,63,63,63,65,67,64,64,60,60,60,62,60,60,57,54,50,50,48,46,47,47,48,45,42,44,46,46,47,49,42,42,42,40,37,33,30,28,20,17,11,5,1,0,0,0,0,0,4,0,0,0,0,0,0,0,0,0,0,0,0,0,0,0,0,0,0,0,0,0,0,0,0,0,0,0,0,0,0,0,0,0,0,0,0,0,0,0,0,0,0,0,0,0,0,0,0,0,0,0,0,0,0,0,0,0,0,0,0,0,0,0
1958-1959,0,0,0,0,0,0,0,0,0,0,0,0,0,0,1,0,0,0,0,0,0,0,0,0,0,0,0,0,0,0,0,0,0,0,0,0,0,0,0,0,0,0,0,0,0,0,0,0,0,0,0,0,0,0,0,0,4,3,6,5,4,4,3,3,2,0,0,2,2,2,2,2,2,2,1,1,0,0,0,0,0,1,1,1,2,2,1,1,2,6,6,8,9,9,11,13,14,14,14,28,28,28,28,28,28,31,33,36,37,39,39,39,39,42,42,42,42,42,42,42,42,42,40,42,42,46,47,47,47,47,47,48,48,48,49,49,50,54,63,63,63,63,50,50,50,50,50,50,50,50,49,48,48,48,48,47,47,47,47,48,48,50,50,52,52,52,52,56,56,56,58,58,58,60,60,61,63,63,63,63,63,64,65,65,60,64,60,64,65,65,65,63,63,69,82,78,78,78,78,78,76,66,60,64,64,64,64,60,61,61,61,60,60,58,56,54,54,52,55,55,54,50,49,49,49,48,48,46,44,40,36,33,31,30,28,24,20,16,15,14,14,13,10,10,8,0,6,4,4,2,1,1,1,0,0,0,1,1,0,0,0,0,0,0,0,0,0,0,0,0,0,0,0,0,0,0,0,0,0,0,0,0,0,0,0,0,0,0,0,0,0,0,0,0,0,0,0,0,0,0,0,0,0,0
1959-1960,0,0,0,0,0,0,0,0,0,0,0,0,0,0,0,0,0,0,0,0,0,0,0,0,0,0,0,0,0,0,0,0,0,0,0,0,0,0,0,0,0,0,1,0,0,0,0,2,2,2,3,0,0,0,0,0,0,1,0,0,0,2,5,5,4,0,0,0,0,0,0,0,1,1,0,0,0,2,3,6,7,10,11,8,6,8,8,6,5,8,9,10,11,11,9,9,9,6,14,14,18,18,23,23,24,24,25,26,28,30,32,32,32,32,32,32,33,33,37,39,40,40,40,40,40,42,44,45,46,50,50,50,50,50,50,50,52,52,53,53,56,59,60,60,60,58,56,57,58,58,58,57,55,55,56,55,53,49,47,48,48,50,50,40,40,40,41,42,43,43,41,43,48,50,50,50,51,51,56,64,64,64,64,64,64,69,70,71,70,71,70,70,70,69,69,69,69,68,69,70,71,71,71,72,77,80,82,80,78,79,74,62,58,50,48,44,40,42,45,42,44,46,46,46,46,47,40,35,33,20,19,19,18,16,14,12,11,10,10,8,7,5,3,2,1,0,0,0,0,0,0,0,0,0,0,0,0,0,0,0,0,0,0,0,0,0,0,0,0,0,0,0,0,0,0,0,0,0,0,0,0,0,0,0,0,0,0,0,0,0,0,0,0,0,0,0,0,0,0,0,0,0,0,0
1960-1961,0,0,0,0,0,0,0,0,0,0,0,0,0,0,0,0,0,0,0,0,0,0,0,0,0,0,0,0,0,0,0,0,0,0,0,0,0,0,0,0,0,0,0,0,0,0,0,0,0,0,0,0,1,2,16,14,11,8,6,5,0,3,0,3,4,5,7,8,5,5,5,5,5,4,3,2,1,0,0,0,0,0,0,0,0,0,0,0,0,0,3,12,8,8,6,4,2,2,5,6,8,8,9,10,10,10,13,14,15,15,16,25,25,25,25,25,25,25,25,25,25,25,31,35,33,33,32,32,30,36,38,36,34,34,32,29,28,25,23,23,23,23,23,24,23,23,23,23,23,23,24,24,24,24,24,24,25,25,24,23,22,21,21,21,21,21,22,22,22,23,22,20,20,20,19,15,15,12,15,15,15,15,15,17,15,14,13,12,12,12,28,32,32,32,31,35,39,44,46,46,45,45,45,40,38,38,40,40,37,35,34,37,37,38,29,40,44,42,44,45,48,48,54,60,58,60,62,60,60,56,56,54,50,43,40,37,34,31,28,28,25,27,26,24,26,27,24,22,18,16,12,9,6,4,2,1,0,0,0,0,0,0,0,0,0,0,0,0,0,0,0,0,0,0,0,0,0,0,0,0,0,0,0,0,0,0,0,0,0,0,0,0,0,0,0,0,0,0,0,0,0,0,0,0
1961-1962,0,0,0,0,0,0,0,0,0,0,0,0,0,0,0,0,0,0,0,0,0,0,0,0,0,0,0,0,0,0,0,0,0,1,0,0,0,0,0,0,0,0,0,0,1,1,0,0,0,0,0,0,0,0,0,0,0,0,0,0,0,4,0,0,0,0,0,1,1,4,6,6,4,2,0,0,0,0,1,1,1,2,2,1,3,4,3,4,6,13,18,18,18,18,15,14,14,18,25,25,25,25,26,26,25,25,25,26,27,28,33,35,35,36,36,37,37,37,42,44,45,47,47,47,47,46,47,47,46,46,47,47,47,47,47,47,45,40,40,40,40,40,40,40,40,40,40,40,40,40,40,44,44,44,44,45,48,40,44,44,44,44,45,45,45,45,46,47,47,51,51,53,57,57,60,60,63,60,61,57,55,55,55,55,55,57,58,58,56,55,53,52,50,51,63,64,64,63,63,62,62,60,61,60,60,60,59,59,58,56,52,46,50,47,51,50,48,47,42,39,35,33,34,32,30,35,42,54,58,59,58,56,50,44,38,39,39,39,32,26,20,14,8,6,4,2,0,0,0,0,0,0,0,0,0,0,0,0,0,0,0,0,0,0,0,0,0,0,0,0,0,0,0,0,0,0,0,0,0,0,0,0,0,0,0,0,0,0,0,0,0,0,0,0,0,0,0,0,0,0,0,0,0,0
1962-1963,0,0,0,0,0,0,0,0,0,0,0,0,0,0,0,0,0,0,0,0,0,0,0,0,0,0,0,0,0,0,0,0,0,0,0,0,0,0,0,0,0,0,0,0,0,0,0,0,0,0,0,0,0,1,6,6,8,5,5,5,4,5,0,6,7,7,8,8,7,6,5,9,9,9,7,7,7,7,7,7,6,6,10,10,12,12,11,10,8,7,6,2,5,5,5,4,4,6,6,8,18,19,21,21,23,23,23,23,23,22,22,25,29,29,30,30,30,30,32,32,35,35,30,30,30,30,31,31,31,30,30,30,31,33,40,41,41,41,41,40,40,40,40,41,44,47,47,47,55,60,60,62,60,60,62,63,63,66,66,64,63,63,61,60,61,65,64,67,67,66,68,68,69,68,67,67,67,68,67,67,67,66,66,70,72,72,76,78,80,78,77,76,75,75,76,80,79,78,77,80,78,79,79,78,77,75,68,60,52,51,49,42,37,35,30,28,27,28,28,28,27,26,29,34,34,31,31,30,28,26,25,24,23,23,22,23,27,28,27,27,27,24,21,21,19,16,16,16,13,12,8,8,9,10,9,8,7,6,4,2,1,0,0,0,0,0,0,0,0,0,0,0,0,0,0,0,0,0,0,0,0,0,0,0,0,0,0,0,0,0,0,0,0,0,0,0,0,0,0,0,0,0,0,0
1963-1964,0,0,0,0,0,0,0,0,0,0,0,0,0,0,0,0,0,0,0,0,0,0,0,0,0,0,0,0,0,0,0,0,0,0,0,0,0,0,0,0,0,0,0,0,0,0,0,0,0,0,0,0,0,0,0,0,0,0,0,0,0,4,5,11,10,9,7,4,0,0,0,0,3,3,6,11,12,10,5,4,3,1,0,0,0,0,0,0,0,0,1,2,2,4,8,8,8,7,7,7,10,11,15,18,18,18,18,18,18,18,18,18,18,18,18,20,20,20,20,21,21,21,21,21,21,21,21,21,21,21,21,21,21,21,21,21,21,21,21,21,22,23,24,25,26,27,28,29,30,31,32,33,34,35,37,37,37,39,39,41,42,40,40,40,39,40,41,41,43,43,42,42,46,46,47,47,47,47,47,47,47,47,47,48,45,42,38,36,30,28,28,38,42,42,43,41,39,39,39,39,43,40,38,38,38,35,36,36,37,37,39,39,39,39,39,46,47,47,47,46,42,42,42,40,36,33,30,22,18,18,18,18,18,18,15,14,14,13,13,12,10,8,6,5,4,2,1,0,0,0,0,0,0,0,0,0,0,0,0,0,0,0,0,0,0,0,0,0,0,0,0,0,0,0,0,0,0,0,0,0,0,0,0,0,0,0,0,0,0,0,0,0,0,0,0,0,0,0,0,0,0,0,0,0
1964-1965,0,0,0,0,0,0,0,0,0,0,0,0,0,0,0,0,0,0,0,0,0,0,0,0,0,0,0,0,0,0,0,0,0,0,0,0,0,0,0,1,4,2,0,0,0,0,0,0,1,1,3,2,2,2,0,1,0,0,0,0,0,0,0,0,0,0,0,0,0,0,2,0,0,0,0,0,0,1,2,3,0,0,2,2,2,2,1,0,0,0,0,1,1,2,5,6,6,6,6,8,8,8,8,8,8,9,9,9,10,10,11,11,12,13,10,5,3,3,10,10,8,10,11,11,11,11,11,11,11,11,9,9,9,9,9,12,12,12,13,13,13,27,30,30,30,30,30,31,32,33,35,35,35,32,33,33,33,33,42,41,30,29,33,32,32,33,33,33,33,33,38,38,38,38,38,38,38,38,39,39,39,39,39,39,37,36,36,36,36,36,36,37,38,38,38,38,38,38,38,38,39,40,41,41,42,42,42,44,46,46,49,49,49,49,49,49,49,49,48,49,51,51,50,49,48,56,55,55,56,57,57,57,57,56,54,55,55,53,53,53,51,50,49,48,47,46,42,41,38,36,34,32,28,25,21,17,15,12,8,5,2,0,0,0,0,0,0,0,0,0,0,0,0,0,0,0,0,0,0,0,0,0,0,0,0,0,3,0,0,0,0,0,0,0,0,0,0,0,0,0,0,0,0,0
1965-1966,0,0,0,0,0,0,0,0,0,0,0,0,0,0,0,0,0,0,0,0,0,0,0,0,0,0,0,0,0,0,0,0,0,1,1,1,0,0,0,0,0,0,0,0,0,0,0,0,0,0,0,0,0,0,0,0,1,4,5,5,3,5,7,6,2,2,1,1,1,1,1,0,0,0,0,0,0,3,26,24,25,28,24,24,24,22,25,28,29,34,35,35,32,32,35,34,35,36,36,35,35,35,33,35,35,36,37,39,41,45,44,45,47,45,44,43,45,45,45,45,45,42,36,36,39,39,39,41,42,43,43,42,43,43,43,42,42,42,46,47,48,48,49,49,52,57,57,57,57,58,58,60,62,63,63,63,64,64,65,65,65,65,59,56,56,58,62,62,63,63,63,63,63,63,64,64,64,72,80,80,78,77,76,77,75,74,73,76,79,78,76,74,74,74,77,76,76,76,76,74,73,73,73,72,71,70,71,71,74,74,74,76,77,78,78,78,78,78,81,82,85,86,86,87,87,87,86,85,84,83,82,81,81,79,76,74,73,72,71,71,71,70,69,65,64,63,68,67,66,69,68,71,72,71,71,73,72,70,69,67,65,60,57,54,51,50,47,44,42,39,36,33,29,26,22,20,16,13,12,8,5,2,0,0,0,0,0,0,0,0,0,0,0,0,0,0,0,0,0,0,0,0,0,0
1966-1967,0,0,0,0,0,0,0,0,0,0,0,0,0,0,0,0,0,0,0,0,0,0,0,0,0,0,0,0,0,0,0,0,0,0,0,0,0,0,0,0,0,4,4,2,0,0,0,0,0,6,5,1,0,0,0,0,0,0,0,2,2,0,0,0,0,0,2,2,0,0,0,0,0,0,0,0,5,4,0,0,0,0,0,0,0,0,0,0,0,0,4,1,10,11,9,8,7,6,5,0,0,0,0,0,0,0,1,0,1,1,2,1,1,2,2,17,22,23,23,27,30,30,29,32,28,26,28,31,29,27,27,25,28,30,30,29,30,32,31,32,32,36,34,33,29,25,22,22,24,32,37,39,36,36,38,38,38,40,40,39,39,40,39,41,41,40,40,40,40,39,39,39,42,42,42,50,53,53,54,54,61,67,73,69,67,68,67,68,71,72,70,66,63,61,61,61,62,63,63,63,62,63,63,63,63,63,62,61,60,58,57,56,55,48,42,41,41,40,42,45,42,41,41,41,41,39,38,35,35,35,36,37,37,37,37,43,51,51,50,46,44,44,43,42,42,42,42,44,43,43,49,49,53,53,54,53,52,50,50,49,49,48,45,44,44,43,42,42,48,46,43,40,39,35,34,31,27,25,20,15,10,5,3,0,0,0,0,0,0,0,0,0,0,0,0,0,0,0,0,0,0,0,0,0
1967-1968,0,0,0,0,0,0,0,0,0,0,0,0,0,0,0,0,0,0,0,0,0,0,0,0,0,0,0,0,0,0,0,0,0,0,0,0,0,0,0,0,0,0,0,0,0,0,0,0,0,3,2,3,2,0,0,0,0,0,0,0,0,0,0,0,0,3,3,1,1,2,2,2,1,5,6,9,10,10,11,12,28,30,26,24,29,27,26,26,30,32,31,30,28,33,32,29,27,26,29,28,28,28,26,25,25,27,36,37,34,33,30,28,26,27,28,28,31,31,34,44,42,41,43,42,42,45,48,47,49,48,48,48,48,48,48,48,49,50,48,48,50,51,53,53,59,63,62,60,59,59,60,62,61,61,60,59,64,65,66,66,65,64,66,67,68,67,69,78,78,78,79,80,79,78,79,82,81,81,79,79,79,76,84,85,87,86,88,88,86,84,84,83,83,84,88,92,90,88,87,87,81,78,73,70,69,78,79,75,73,73,68,67,65,65,64,64,62,60,60,59,58,57,56,56,54,54,54,52,52,52,50,48,47,46,45,44,40,36,37,42,42,41,40,39,38,36,36,35,34,34,33,32,31,30,24,23,20,17,15,14,12,10,10,10,8,6,4,2,0,0,0,0,0,0,0,0,0,0,0,0,0,0,0,0,0,0,0,0,0,0,0,0,0,0,0,0,0,0,0,0,0,0,0,0
1968-1969,0,0,0,0,0,0,0,0,0,0,0,0,0,0,0,0,0,0,0,0,0,0,0,0,0,0,0,0,0,0,0,0,0,0,6,6,2,0,0,0,0,0,0,0,0,0,0,0,0,0,0,0,0,0,0,1,1,1,1,3,4,2,2,0,0,0,0,2,14,12,12,12,15,20,20,22,22,21,22,21,28,28,33,30,28,28,28,28,28,26,26,26,26,27,29,37,45,46,48,48,48,45,42,42,42,48,48,45,45,45,50,49,49,53,58,60,63,63,69,74,75,73,80,82,82,83,84,81,87,96,98,98,97,99,99,103,101,99,97,98,96,95,93,90,90,88,88,88,89,88,89,87,90,91,91,94,101,101,101,100,100,98,108,108,107,108,111,114,113,113,111,108,108,108,108,106,107,110,113,114,114,113,113,112,113,110,108,108,108,110,114,121,125,127,126,125,126,124,124,125,123,126,126,128,128,127,129,134,144,142,139,138,142,140,149,147,144,139,136,135,133,133,130,126,125,125,123,117,115,106,100,103,102,102,101,104,104,102,101,100,99,91,90,89,89,87,84,82,81,79,78,75,72,71,71,72,72,72,72,68,66,63,57,55,53,48,45,42,40,38,37,34,27,24,22,20,17,10,6,4,2,0,0,0,0,0,0,0,0,0,0,0,0,0,0,0,0,0,0,0,0,0,0,0
1969-1970,0,0,0,0,0,0,0,0,0,0,0,0,0,0,0,0,0,0,0,0,0,0,0,0,0,0,0,0,0,0,0,0,0,0,0,0,0,0,0,0,0,0,0,0,0,0,0,0,0,0,0,6,10,10,10,5,4,3,3,3,3,3,2,0,0,1,0,0,0,0,0,0,0,0,3,6,6,6,3,1,8,15,16,12,12,12,14,12,12,12,12,15,15,18,20,19,17,17,19,18,18,14,14,14,16,17,18,18,18,22,22,21,36,34,30,30,39,50,57,57,57,55,53,51,51,46,46,47,46,46,46,46,46,46,47,47,47,49,49,50,49,49,49,50,54,55,56,60,60,60,61,59,59,59,61,59,58,54,54,54,54,54,54,53,55,56,56,58,62,61,61,63,61,62,62,64,66,72,72,72,72,72,73,75,72,72,75,74,75,77,77,78,81,81,83,84,85,83,84,83,82,81,85,85,88,93,102,101,100,96,98,97,96,94,100,108,108,106,105,105,104,98,96,102,98,96,95,95,94,90,90,89,87,87,86,86,85,84,83,80,72,70,66,64,62,60,54,48,51,50,49,46,42,38,36,34,32,30,28,26,25,24,19,17,15,12,9,6,3,0,0,0,0,0,0,0,0,0,0,0,0,0,0,0,0,0,0,0,0,0,0,0,0,0,0,0,0,0,0,0,0,0,0,0
1970-1971,0,0,0,0,0,0,0,0,0,0,0,0,0,0,0,0,0,0,0,0,0,0,0,0,0,0,0,0,0,0,0,0,0,0,0,0,0,0,0,0,0,0,0,0,0,0,2,0,0,0,0,0,0,0,0,0,0,0,0,0,0,0,0,0,0,0,15,13,11,9,0,0,0,0,0,3,3,3,2,6,3,4,4,14,15,18,18,12,8,8,8,8,4,4,13,15,23,25,22,26,30,26,25,25,26,26,25,34,36,33,36,40,40,44,54,46,46,47,48,48,48,46,46,46,44,44,44,44,43,44,44,46,46,48,46,48,50,50,50,50,50,51,52,56,56,57,57,60,72,72,70,73,75,72,72,71,69,75,75,72,74,75,77,77,77,78,75,75,73,73,72,72,73,78,77,81,85,85,84,83,81,82,83,83,83,96,112,108,110,114,116,111,114,111,108,106,104,98,99,98,98,100,108,108,108,108,109,106,105,105,105,107,106,105,102,100,101,101,100,100,102,102,102,102,101,99,98,96,100,98,98,98,97,98,102,108,108,105,106,106,104,105,106,106,105,104,107,112,108,105,102,101,98,92,89,84,83,83,78,77,72,66,60,55,54,50,50,45,43,41,40,36,30,27,24,21,20,16,12,8,7,0,0,0,0,0,0,0,0,0,0,0,0,0,0,0,0,0,0,0,0,0,0,0
1971-1972,0,0,0,0,0,0,0,0,0,0,0,0,0,0,0,0,0,0,0,0,0,0,0,0,0,0,0,0,0,0,0,0,0,0,0,0,0,0,0,0,0,0,0,0,0,0,0,0,0,0,0,0,0,0,0,0,0,0,0,0,0,0,0,0,1,1,1,4,9,7,5,8,8,8,5,5,5,4,3,1,2,3,3,3,2,15,20,15,13,12,22,23,21,24,26,25,27,27,27,25,28,25,24,24,24,25,25,24,28,26,27,28,28,27,30,31,31,32,31,32,34,36,33,34,36,35,36,36,36,37,37,37,37,41,38,37,36,37,37,37,36,37,42,41,41,42,42,42,44,46,54,52,52,52,52,53,56,57,57,57,57,57,56,56,56,56,57,56,58,57,57,60,72,72,72,72,80,86,83,82,82,82,79,75,79,78,80,84,85,85,86,84,84,82,82,81,85,84,83,84,85,84,83,83,84,84,87,94,96,97,95,95,93,93,95,96,97,97,98,100,100,98,96,97,97,99,98,98,96,96,95,93,92,91,91,91,91,91,91,90,89,89,88,87,84,78,76,75,73,72,72,69,69,69,69,66,63,60,54,54,52,48,40,36,34,27,24,22,21,15,12,11,10,9,0,0,0,0,0,0,0,0,0,2,0,0,0,0,0,0,0,0,0,0,0,0,0,0,0,0,0,0,0,0
1972-1973,0,0,0,0,0,0,0,0,0,0,0,0,0,0,0,0,0,0,0,0,0,0,0,0,0,0,0,0,0,0,0,0,0,0,0,0,0,0,0,1,0,0,1,1,4,4,2,0,0,0,0,0,0,0,0,0,0,0,0,0,0,0,0,0,5,6,6,5,4,5,4,4,4,4,6,12,12,12,10,10,15,15,16,16,17,17,16,16,17,23,22,36,32,31,31,32,22,22,24,27,27,27,27,27,30,30,37,39,39,39,39,38,43,43,43,43,42,45,44,45,50,49,47,46,48,48,47,51,53,53,53,56,56,59,57,57,57,58,56,53,51,60,59,58,57,60,60,60,60,60,67,66,68,68,66,66,72,72,72,70,72,76,75,75,75,79,78,83,83,84,84,84,84,84,85,89,87,86,86,86,84,84,84,85,84,83,82,82,81,80,78,78,77,73,73,73,71,70,70,73,82,85,84,84,82,81,80,80,80,79,78,77,73,72,77,78,78,89,89,88,88,86,92,101,98,99,97,95,90,84,81,76,75,72,66,62,60,59,57,56,56,56,59,57,56,48,48,47,49,48,47,47,40,38,36,36,35,34,34,30,29,31,29,28,25,22,20,19,16,12,11,7,5,4,0,0,0,0,0,0,0,0,0,0,0,0,0,0,0,0,0,0,0,0,0,0,0,0,0,0,0,0,0,0
1973-1974,0,0,0,0,0,0,0,0,0,0,0,0,0,0,0,0,0,0,0,0,0,0,0,0,0,0,0,0,0,0,0,0,0,0,0,0,0,0,0,0,0,0,0,0,0,0,0,0,0,0,0,0,0,0,0,0,0,0,0,0,0,0,0,4,3,4,4,5,6,8,13,14,11,10,5,4,5,8,6,6,6,5,5,4,3,3,3,2,0,3,6,10,8,7,6,4,0,1,1,1,1,1,1,1,8,7,6,16,16,16,16,12,14,18,19,18,15,12,14,13,14,16,17,18,21,22,24,27,26,27,30,31,29,30,28,27,29,32,31,30,30,30,29,30,29,31,30,30,29,27,32,31,31,32,32,30,30,30,30,34,34,34,34,36,41,39,38,38,36,36,40,39,44,44,40,48,49,48,48,46,45,46,47,48,48,44,40,36,36,36,36,38,39,42,41,41,39,46,54,66,66,66,69,69,67,68,66,66,66,67,66,69,68,68,67,65,59,51,52,52,58,68,72,70,68,66,62,57,59,58,58,57,56,55,52,48,50,49,48,45,42,38,37,36,35,34,32,29,28,30,30,29,28,27,26,24,23,23,22,18,17,12,11,9,8,7,5,4,0,0,0,0,0,0,0,0,0,0,0,0,0,0,0,0,0,0,0,0,0,0,0,0,0,0,0,0,0,0,0,0,0,0,0,0
1974-1975,0,0,0,0,0,0,0,0,0,0,0,0,0,0,0,0,0,0,0,0,0,0,0,0,0,0,0,0,0,0,0,0,0,0,0,0,0,0,0,0,0,0,0,0,0,0,0,0,0,1,1,1,0,0,0,0,0,0,0,0,0,0,0,0,0,0,0,0,0,0,0,0,0,1,1,8,9,12,11,10,9,16,19,19,14,12,21,18,16,16,16,16,16,17,18,18,18,16,16,12,14,14,15,15,15,15,16,24,28,28,30,30,30,30,27,30,31,29,29,29,31,32,35,36,35,36,35,35,36,35,36,36,36,34,34,35,36,39,42,42,44,43,42,42,41,41,42,48,50,52,50,53,52,54,50,50,50,55,60,60,61,60,60,60,61,61,66,67,64,64,65,64,67,69,67,65,65,70,71,72,72,72,72,78,84,88,87,85,85,99,98,97,96,96,93,92,96,96,95,92,90,84,87,84,85,84,84,84,85,84,83,81,84,84,84,97,105,110,110,118,122,121,119,118,117,115,114,112,108,108,108,98,97,97,96,96,95,93,92,91,91,91,91,91,90,86,84,82,82,82,80,76,72,70,67,60,59,56,53,48,45,42,36,30,21,12,6,0,0,0,0,0,0,0,0,0,0,0,0,0,0,0,0,0,0,0,0,0,0,0,0,0,0,0,0,0,0,0,0,0,0,0,0,0
1975-1976,0,0,0,0,0,0,0,0,0,0,0,0,0,0,0,0,0,0,0,0,0,0,0,0,0,0,0,0,0,0,0,0,0,0,0,0,0,0,0,0,0,0,0,0,0,0,0,0,0,0,0,0,0,0,0,0,0,0,0,0,0,0,0,0,0,0,0,0,0,0,0,0,0,0,0,0,0,0,0,0,0,0,0,0,0,0,0,0,0,0,0,8,10,20,24,21,15,18,15,15,15,15,15,15,15,12,12,13,22,22,22,22,22,25,25,25,34,35,31,31,31,32,32,32,32,32,32,32,32,32,32,33,34,35,36,37,38,39,40,41,42,43,44,45,46,47,48,49,50,51,52,53,54,55,60,58,59,59,58,60,62,62,61,63,66,65,66,66,65,66,72,69,78,72,69,72,71,70,66,66,69,69,69,74,73,72,64,64,64,66,63,63,66,64,69,74,75,79,84,84,85,77,66,71,70,69,66,65,65,64,63,63,61,59,59,60,60,60,60,60,60,60,59,63,68,64,63,60,57,51,42,40,36,34,32,30,30,30,39,45,44,44,40,38,34,33,36,34,30,29,29,28,28,22,21,19,18,12,11,9,8,6,7,4,4,4,4,3,0,0,0,0,0,0,0,0,0,0,0,0,0,0,0,0,0,0,0,0,0,0,0,0,0,0,0,0,0,0,0,0,0,0,0,0
1976-1977,0,0,0,0,0,0,0,0,0,0,0,0,0,0,0,0,0,0,0,0,0,0,0,0,0,0,0,0,0,0,0,0,0,0,0,0,0,0,0,1,0,0,0,1,0,0,0,3,2,1,1,1,0,0,3,3,6,5,5,5,3,11,10,9,6,12,18,18,23,21,22,22,23,24,23,23,21,20,20,22,26,26,35,36,37,36,33,30,23,28,27,27,30,33,33,32,33,34,35,34,34,34,35,37,35,36,36,36,36,36,35,37,38,40,42,42,44,45,45,46,46,46,46,48,48,49,52,52,55,60,60,73,75,73,71,71,70,72,72,68,67,72,74,76,61,57,65,70,72,72,75,75,75,76,78,79,81,80,84,84,81,82,84,82,80,79,84,84,83,81,80,80,81,85,84,83,84,93,91,90,90,90,91,92,92,92,92,93,94,94,94,89,84,84,75,73,72,72,72,70,70,69,71,70,84,88,92,90,90,88,82,78,72,72,70,70,70,70,73,78,82,83,79,78,72,70,67,66,66,66,64,64,62,60,52,49,52,54,53,53,53,52,52,49,48,47,47,42,39,36,36,36,36,36,30,29,29,24,24,21,20,19,18,17,16,15,14,13,12,11,10,9,0,0,0,0,0,0,0,0,0,0,0,0,0,0,0,0,0,0,0,0,0,0,0,0,0,0,0,0,0,0,0,0
1977-1978,0,0,0,0,0,0,0,0,0,0,0,0,0,0,0,0,0,0,0,0,0,0,0,0,0,0,0,0,0,0,0,0,0,1,0,0,0,0,0,0,0,0,0,0,0,0,0,4,2,0,0,0,0,0,0,0,0,0,0,0,0,0,0,0,0,0,0,0,0,0,0,0,0,0,6,5,0,0,8,9,0,8,6,6,6,6,18,25,24,23,22,21,19,26,26,30,37,45,46,45,45,44,43,43,46,45,45,42,41,41,41,46,46,46,45,45,45,45,45,45,49,48,48,50,57,57,58,59,60,60,55,57,54,56,58,60,60,59,60,74,73,73,78,70,69,70,70,66,72,78,78,78,75,78,78,78,78,78,78,84,84,81,81,81,85,87,84,84,81,82,82,82,82,82,84,84,88,88,88,92,89,89,89,88,89,92,93,92,88,89,88,88,85,91,90,90,90,88,88,89,90,93,90,90,94,94,90,96,96,96,98,98,99,100,99,99,98,99,98,99,101,105,105,105,104,103,106,105,106,106,105,105,104,104,104,104,103,103,102,102,102,101,101,100,102,103,102,100,99,96,95,90,89,85,81,78,75,72,72,69,60,58,53,49,46,43,36,33,24,21,16,10,9,0,0,0,0,0,0,0,0,0,0,0,0,0,0,0,0,0,0,0,0,0,0,0,0,0,0,0,0,0,0,0
1978-1979,0,0,0,0,0,0,0,0,0,0,0,0,0,0,0,0,0,0,0,0,0,0,0,0,0,0,0,0,0,0,0,0,0,0,0,0,0,1,0,0,0,0,0,0,1,0,0,0,0,0,0,0,1,1,0,0,1,0,0,0,0,0,0,0,0,0,0,0,0,0,0,0,0,0,0,0,0,0,0,0,2,1,1,1,3,8,8,8,13,12,12,11,12,12,11,11,11,11,11,12,13,13,16,16,24,26,24,36,42,42,36,38,40,37,37,45,50,60,58,56,51,46,40,33,35,35,41,42,38,44,46,48,46,45,50,50,48,54,57,60,60,59,61,60,60,60,61,62,60,63,71,72,75,73,74,74,73,78,79,80,80,81,81,79,79,79,79,78,78,77,76,72,72,72,74,74,74,74,78,78,78,78,78,79,78,78,75,71,70,71,71,70,72,73,73,73,72,72,73,73,72,72,72,69,68,66,63,63,63,63,63,62,58,57,57,57,57,60,64,73,73,75,82,80,80,81,79,80,82,84,82,82,82,80,78,77,70,69,63,59,54,52,50,51,50,48,47,48,47,47,44,36,30,25,24,22,20,15,11,10,6,4,0,0,0,0,0,0,0,0,0,0,0,0,0,0,0,0,0,0,0,0,0,0,0,0,0,0,0,0,0,0,0,0,0,0,0,0,0,0,0,0,0,0
1979-1980,0,0,0,0,0,0,0,0,0,0,0,0,0,0,0,0,0,0,0,0,0,0,0,0,0,0,0,0,0,0,0,0,0,0,0,0,0,1,4,4,4,8,6,7,10,11,11,8,6,5,0,0,0,0,1,2,3,3,3,3,0,2,2,1,1,0,0,0,0,0,0,0,0,0,0,3,8,9,9,8,4,4,0,0,0,0,0,0,0,1,5,5,5,5,5,8,7,8,10,10,12,12,9,9,10,10,10,14,12,12,12,12,12,12,10,9,9,9,12,14,15,15,15,15,15,15,15,15,16,16,18,19,18,15,15,13,13,12,12,12,13,13,13,17,24,24,24,22,24,30,30,29,29,24,24,23,23,23,23,23,23,22,22,22,24,26,27,30,30,30,32,30,29,28,30,30,31,31,30,31,36,36,36,35,34,34,36,37,39,42,44,42,46,48,46,50,54,55,53,51,55,49,48,48,48,48,50,53,48,48,48,50,48,48,48,47,49,54,53,52,52,51,48,47,45,45,45,43,44,44,43,43,42,41,41,41,38,37,36,36,35,34,32,28,24,22,21,20,19,17,13,12,12,12,12,9,8,7,6,5,3,2,0,0,0,0,0,0,0,0,0,0,0,0,0,0,0,0,0,0,0,0,0,0,0,0,0,0,0,0,0,0,0,0,0,0,0,0,0,0,0,0,0,0
1980-1981,0,0,0,0,0,0,0,0,0,0,0,0,0,0,0,0,0,0,0,0,0,0,0,0,0,0,0,0,0,0,0,0,0,0,0,0,0,0,0,0,0,0,0,1,4,0,0,0,0,1,1,1,1,1,1,3,5,9,8,8,8,10,14,12,11,8,8,8,8,12,14,20,22,22,22,23,24,23,30,33,28,28,28,26,24,24,28,26,26,29,32,29,29,33,36,36,36,36,35,31,33,36,38,42,46,46,47,46,46,48,48,47,48,48,51,53,53,54,52,51,53,52,52,55,54,54,52,51,56,48,48,48,47,45,45,45,45,45,46,45,48,48,48,52,53,56,56,55,58,59,57,60,60,60,59,59,58,60,60,59,63,69,68,66,61,61,61,61,61,61,60,56,52,48,46,46,45,60,59,58,57,58,59,59,59,59,57,60,60,60,60,61,64,63,65,65,66,67,67,68,67,69,68,68,68,68,67,65,70,72,68,61,58,56,55,54,50,43,44,42,40,36,35,34,34,34,34,34,35,35,30,30,35,40,40,36,36,35,35,33,32,30,28,26,25,24,20,18,17,15,13,12,9,6,0,0,0,0,0,0,0,0,0,0,0,0,0,0,0,0,0,0,0,0,0,0,0,0,0,0,0,0,0,0,0,0,0,0,0,0,0,0,0,0,0,0,0,0,0,0,0,0,0,0
1981-1982,0,0,0,0,0,0,0,0,0,0,0,0,0,0,0,0,0,0,0,0,0,0,0,0,0,0,0,0,0,0,0,0,4,4,2,1,2,4,5,6,6,5,4,3,2,1,1,1,2,6,6,4,1,3,3,2,0,0,0,0,0,0,0,0,0,0,0,5,4,2,2,3,8,8,7,6,3,0,1,4,5,12,24,30,29,28,28,28,29,34,35,34,33,31,33,32,54,57,55,56,55,55,56,54,52,52,59,59,60,59,57,55,55,57,57,55,56,55,58,65,62,62,62,62,62,64,67,68,70,70,71,71,70,71,72,73,73,74,75,75,75,76,77,77,81,82,81,81,81,81,82,84,87,90,89,87,86,86,90,91,93,96,100,98,100,99,100,98,97,97,97,100,96,96,96,97,97,97,97,100,102,101,101,104,106,102,104,103,107,109,111,111,108,102,100,101,100,100,102,101,102,101,105,108,108,107,106,108,109,108,108,108,106,105,106,105,111,113,113,121,120,119,117,117,122,121,123,121,119,110,107,104,102,101,100,99,98,96,93,89,86,85,84,83,80,78,76,74,70,67,60,59,58,54,53,48,46,39,39,36,34,32,23,22,18,15,13,12,10,6,2,0,0,0,0,0,0,0,0,0,0,0,0,0,0,0,0,0,0,0,0,0,0,0,0,0,0,0,0,0,0,0,0,0
1982-1983,0,0,0,0,0,0,0,0,0,0,0,0,0,0,0,0,0,0,0,0,0,0,0,0,0,0,0,0,0,0,0,0,0,0,0,0,0,0,0,0,0,0,0,0,0,4,6,4,2,0,0,0,0,0,0,0,0,0,0,0,0,0,0,0,0,0,0,1,0,0,0,0,0,0,0,3,2,2,2,2,2,0,0,0,2,4,6,10,6,4,4,0,0,0,0,0,0,0,0,6,6,9,9,9,9,6,4,5,5,3,4,8,10,10,9,4,2,2,1,0,1,0,2,4,5,4,3,3,6,10,10,10,6,10,9,9,10,30,32,30,24,22,20,19,19,20,22,22,22,22,22,22,24,25,24,22,23,22,22,31,37,43,41,41,37,37,34,34,34,33,32,31,30,29,29,31,31,31,31,31,30,29,29,28,28,28,28,27,27,27,28,28,29,34,42,42,45,44,43,43,39,36,36,36,36,38,38,38,38,48,53,54,53,53,52,52,52,52,51,50,48,47,49,55,63,61,59,58,58,73,73,75,77,78,81,79,77,70,68,66,61,58,54,52,48,42,41,39,37,36,35,36,48,48,46,42,36,35,34,32,31,30,27,23,22,18,15,12,9,7,6,4,3,0,0,0,0,0,0,0,0,0,0,0,0,0,0,0,0,0,0,0,0,0,0,0,0,0,0,0,0,0,0,0
1983-1984,0,0,0,0,0,0,0,0,0,0,0,0,0,0,0,0,0,0,0,0,0,0,0,0,0,0,0,0,0,0,0,0,0,0,0,0,0,0,0,0,0,0,0,0,0,0,0,0,0,0,0,0,0,0,0,2,5,5,4,4,4,0,0,1,1,2,2,2,1,1,0,0,4,4,4,3,10,15,18,18,14,11,10,10,10,17,19,19,18,19,20,28,29,29,33,32,32,42,42,42,42,41,40,36,32,29,31,33,36,39,39,39,43,44,47,47,46,47,46,47,47,47,47,51,49,49,48,50,50,49,49,56,57,56,56,58,59,58,58,58,62,62,61,60,60,61,60,60,61,59,59,59,64,68,68,68,68,68,69,72,70,81,78,74,73,71,69,64,63,61,60,60,63,64,65,63,63,61,62,61,67,75,76,77,74,76,74,76,76,76,76,74,76,76,81,88,89,87,85,85,84,82,82,82,82,82,82,82,82,82,84,90,90,88,88,88,86,84,79,78,83,82,82,83,83,81,81,80,79,78,76,76,74,77,77,72,72,71,70,70,69,63,60,59,58,57,56,55,53,51,48,48,47,46,42,41,41,41,45,43,42,39,35,31,27,24,13,12,5,0,0,0,0,0,0,0,0,0,0,0,0,0,0,0,0,0,0,0,0,0,0,0,0,0,0,0,0,0,0,0,0,0,0,0
1984-1985,0,0,0,0,0,0,0,0,0,0,0,0,0,0,0,0,0,0,0,0,0,0,0,0,0,0,0,0,0,0,0,6,4,1,1,1,0,0,0,0,0,0,0,0,0,0,0,0,0,0,0,0,0,0,0,0,0,0,0,0,0,0,0,0,0,0,0,1,1,0,0,0,0,2,5,5,5,5,6,9,12,14,13,12,12,12,12,10,9,6,0,9,8,13,15,15,24,27,28,28,28,26,25,19,18,20,20,19,17,18,20,18,25,25,25,26,30,29,26,16,15,15,19,18,18,18,19,19,19,21,21,21,21,21,22,21,28,28,26,29,30,38,38,42,44,48,48,52,54,54,55,54,54,54,51,51,51,51,48,48,60,60,60,60,58,60,60,60,64,64,66,66,67,67,64,62,53,48,46,48,48,48,48,48,49,52,61,62,62,63,60,60,59,62,75,79,84,82,83,83,83,84,83,83,82,82,82,82,82,80,73,71,71,81,86,89,92,94,90,89,89,90,90,90,90,89,89,83,75,75,72,72,72,70,66,63,59,58,56,54,54,53,50,49,46,46,45,45,44,42,44,41,41,34,30,23,20,18,15,13,11,9,4,0,0,0,0,0,0,0,0,0,0,0,0,0,0,0,0,0,0,0,0,0,0,0,0,0,0,0,0,0,0,0,0,0,0,0,0,0,0,0,0,0
1985-1986,0,0,0,0,0,0,0,0,0,0,0,0,0,0,0,4,2,0,0,0,0,0,0,0,0,0,0,0,0,0,0,0,0,0,0,0,0,0,0,0,0,0,0,0,0,0,0,0,0,0,0,0,0,0,0,0,0,0,0,0,0,0,0,0,0,0,0,0,0,1,1,0,0,0,0,1,1,2,0,0,0,0,1,3,2,2,2,2,6,6,6,6,6,9,7,7,7,9,11,11,11,11,16,16,22,21,24,25,26,24,25,24,24,28,28,31,30,30,34,31,33,33,34,33,36,35,37,43,44,43,38,40,40,40,40,38,36,36,36,36,35,30,30,30,30,30,32,45,42,44,45,44,52,51,55,53,53,57,57,58,58,57,56,56,55,57,57,58,58,58,58,55,55,64,64,66,63,72,74,71,70,69,68,68,69,69,69,70,76,76,81,82,77,76,78,76,70,71,71,71,70,66,66,66,66,66,66,63,60,60,58,55,53,51,50,49,49,49,49,49,49,53,54,60,64,64,62,60,58,54,53,51,50,47,47,47,47,44,40,37,34,31,29,23,23,23,23,23,21,18,13,12,11,8,6,3,1,0,0,0,0,0,0,0,0,0,0,0,0,0,0,0,0,0,0,0,0,0,0,0,0,0,0,0,0,0,0,0,0,0,0,0,0,0,0,0,0,0,0,0,0,0,0,0
1986-1987,0,0,0,0,0,0,0,0,0,0,0,0,0,0,0,0,0,0,0,0,0,0,0,0,0,0,0,0,0,0,0,0,0,0,0,2,3,0,0,0,0,0,0,0,0,0,0,0,0,0,0,0,0,0,0,0,0,0,0,0,0,0,2,1,2,2,5,0,0,0,0,4,5,8,8,5,5,5,5,5,5,13,13,13,13,12,12,11,11,11,11,12,12,11,13,13,14,16,22,24,24,24,25,26,24,25,26,26,28,28,30,31,31,31,31,31,30,30,30,30,30,30,30,31,36,36,36,35,38,44,45,46,52,57,64,66,62,62,60,61,63,63,64,61,77,73,73,72,69,70,70,70,71,73,74,75,75,78,79,81,81,85,87,87,87,90,88,89,88,87,86,83,83,83,83,82,82,82,82,81,80,81,83,85,88,88,86,83,83,82,81,81,81,79,79,79,78,82,91,89,88,87,86,86,84,82,81,79,79,77,76,76,71,66,66,67,64,63,61,63,66,65,64,61,60,57,57,57,54,54,50,47,44,40,37,34,33,32,31,30,30,33,44,43,43,42,38,37,34,31,30,29,26,22,20,18,13,12,10,8,6,4,3,0,0,0,0,0,0,0,0,0,0,0,0,0,0,0,0,0,0,0,0,0,0,0,0,0,0,0,0,0,0,0,0,0,0,0,0,0,0,0,0,0
1987-1988,0,0,0,0,0,0,0,0,0,0,0,0,0,0,0,0,0,0,0,0,0,0,0,0,0,0,0,0,0,0,0,0,0,7,3,2,1,0,1,0,3,3,1,1,0,0,0,0,0,0,0,0,1,0,0,0,0,0,0,0,2,2,2,0,0,0,11,9,9,7,5,5,5,4,4,4,3,3,1,0,3,5,5,5,4,5,7,5,5,5,5,5,6,7,8,11,11,11,11,10,9,7,7,9,11,15,21,23,23,23,26,26,25,26,26,24,24,25,27,27,27,28,27,27,27,29,30,30,30,31,35,36,34,34,34,33,33,33,32,32,34,34,35,35,34,35,35,43,43,42,44,44,39,35,33,32,41,41,42,43,44,43,43,43,50,65,65,62,60,60,60,58,59,59,59,61,62,60,60,60,60,60,59,59,58,59,59,59,59,59,59,59,61,60,62,62,63,69,70,71,71,76,77,77,77,71,70,64,66,68,68,64,54,63,63,61,57,56,54,52,50,49,49,48,48,48,47,49,50,62,59,59,62,63,65,63,63,68,65,65,63,64,61,61,59,59,59,56,54,50,48,44,42,40,36,35,28,27,24,21,19,15,11,6,2,1,0,0,0,0,0,0,0,0,0,0,0,0,0,0,0,0,0,0,0,0,0,0,0,0,0,0,0,0,0,0,0,0,0,0,0,0,0,0
1988-1989,0,0,0,0,0,0,0,0,0,0,0,0,0,0,0,0,0,0,0,0,0,0,0,0,0,0,0,0,0,0,0,0,0,0,0,0,0,1,4,3,0,2,10,10,6,2,1,0,0,0,0,4,5,4,3,4,4,4,4,5,4,4,12,22,22,13,5,4,8,9,9,9,9,12,12,12,12,8,10,10,10,17,18,18,18,18,17,13,12,13,13,15,17,17,24,26,24,23,22,24,25,24,24,23,25,30,31,31,30,29,28,25,25,25,26,29,34,35,39,39,40,43,41,41,44,44,43,43,43,41,41,41,41,41,46,46,44,46,47,49,52,57,63,61,61,58,57,61,63,64,62,62,62,60,61,61,61,60,63,63,63,64,63,66,69,69,69,70,71,70,70,69,69,68,67,67,67,66,66,66,66,66,66,66,68,68,68,68,68,68,68,68,68,68,68,67,65,65,66,68,68,68,73,73,73,72,72,73,72,66,58,61,59,62,62,62,62,58,58,66,66,67,72,72,71,70,74,70,70,69,65,64,66,64,65,70,71,71,71,70,70,68,65,63,60,60,60,59,55,52,52,52,52,49,48,44,42,38,33,31,23,20,15,8,7,5,0,0,0,0,0,0,0,0,0,0,0,0,0,0,0,0,0,0,0,0,0,0,0,0,0,0,0,0,0,0,0,0,0,0,0,0,0,0
1989-1990,0,0,0,0,0,0,0,0,0,0,0,0,0,0,0,0,0,0,0,0,0,0,0,0,0,0,0,0,0,0,0,0,0,0,0,0,0,0,0,0,0,0,0,0,0,0,0,0,0,0,0,1,0,0,0,0,0,0,0,0,0,0,0,0,1,4,2,0,0,0,0,0,4,4,0,0,0,0,0,1,4,17,20,20,18,18,18,18,18,20,23,27,28,30,30,30,30,33,33,32,32,32,32,32,31,31,37,37,37,37,37,38,39,39,39,39,47,46,46,45,43,43,42,42,42,40,40,42,42,41,41,41,42,47,51,51,52,49,49,38,40,39,41,42,45,45,45,47,46,46,47,57,56,55,55,55,61,60,60,60,60,58,57,56,55,56,55,63,63,63,62,62,63,63,62,57,58,57,57,58,60,60,61,61,61,61,61,60,60,60,60,57,57,57,55,51,48,39,32,30,30,42,50,48,48,48,46,49,49,48,48,48,48,46,45,44,40,48,52,52,52,51,51,51,53,52,52,51,49,48,50,48,48,47,44,42,41,39,33,27,20,17,14,10,9,7,5,9,7,6,5,0,0,0,0,0,0,0,0,0,0,0,0,0,0,0,0,0,0,0,0,0,0,0,0,0,0,0,0,0,0,0,0,0,0,0,0,0,0,0,0,0,0,0,0,0,0,0,0,0,0,0,0,0
1990-1991,0,0,0,0,0,0,0,0,0,0,0,0,0,0,0,0,0,0,0,0,0,0,0,0,0,0,0,0,0,0,0,0,0,0,0,0,0,0,0,0,0,0,0,0,0,0,0,0,0,0,0,0,0,0,0,0,0,0,3,3,0,3,0,0,0,0,0,3,3,4,12,27,36,40,45,39,26,20,20,20,20,20,18,17,19,18,18,18,12,9,9,9,9,10,17,27,26,26,23,23,23,23,22,21,23,24,25,25,24,27,27,25,21,18,18,18,18,19,18,18,13,14,14,15,17,18,18,20,21,21,21,22,22,29,31,31,32,31,33,39,39,39,38,38,38,41,42,40,40,39,39,42,50,52,48,46,43,42,42,41,40,40,40,42,43,44,47,49,49,52,49,49,48,46,48,47,49,52,50,54,52,51,50,48,48,44,43,42,44,46,44,44,45,46,46,46,46,46,46,46,48,48,48,50,50,52,53,53,53,50,50,50,49,49,53,52,51,49,45,36,30,24,24,24,20,20,20,20,20,20,19,18,18,18,18,18,17,16,14,14,14,14,12,10,10,13,13,12,10,8,8,8,8,0,0,0,0,0,0,0,0,0,0,0,0,0,0,0,0,0,0,0,0,0,0,0,0,0,0,0,0,0,0,0,0,0,0,0,0,0,0,0,0,0,0,0,0,0,0,0,0,0,0,0
1991-1992,0,0,0,0,0,0,0,0,0,0,0,0,0,0,0,0,0,0,0,0,0,0,0,0,0,0,0,0,0,0,0,0,0,0,0,0,0,0,0,0,0,0,1,0,0,0,0,0,0,0,0,0,0,0,0,0,0,0,0,0,0,0,0,0,0,0,0,0,0,0,1,1,1,1,2,0,2,2,2,1,0,0,0,0,0,4,9,7,6,5,4,1,1,6,7,8,10,12,12,9,9,8,8,7,6,12,12,11,12,12,12,16,19,19,19,19,18,20,20,18,18,17,16,16,16,16,15,19,19,22,22,24,25,25,24,22,25,25,27,34,32,34,33,34,33,33,32,32,32,33,33,33,33,34,34,34,36,45,45,44,44,49,48,49,50,47,48,48,51,51,50,47,48,53,52,52,52,52,52,57,60,62,65,65,65,63,63,61,60,57,54,53,50,56,58,56,56,54,57,60,59,59,59,59,60,60,59,59,56,59,69,69,69,70,71,75,73,74,74,74,72,72,72,76,76,76,76,76,75,82,80,78,77,68,60,59,59,58,57,57,55,54,53,51,50,47,49,48,48,47,46,40,36,34,28,26,18,17,15,12,6,6,5,2,0,0,0,0,0,0,0,0,0,0,0,0,0,0,0,0,0,0,0,0,0,0,0,0,0,0,0,0,0,0,0,0,0,0,0,0,0,0,0,0
1992-1993,0,0,0,0,0,0,0,0,0,0,0,0,0,0,0,0,0,0,0,0,0,0,0,0,0,0,0,0,0,0,1,0,0,0,0,0,0,0,0,0,0,0,0,0,0,0,0,0,2,4,4,3,2,0,2,2,2,1,1,1,1,1,1,2,2,2,6,9,9,9,9,5,5,4,5,5,0,6,6,6,6,5,3,1,1,2,1,1,1,1,1,1,1,2,4,8,9,13,15,15,13,12,12,12,11,11,10,12,14,14,16,17,17,18,21,20,20,20,20,19,18,18,19,19,19,19,16,16,16,18,18,18,18,18,21,24,26,26,26,26,27,28,28,28,30,30,33,32,33,35,37,38,45,47,47,45,47,52,53,53,52,52,51,51,50,54,54,55,56,60,60,59,59,57,64,66,69,69,66,66,66,64,62,62,62,62,60,62,62,62,62,63,70,70,70,88,88,88,91,91,90,90,93,92,88,89,87,84,78,76,67,65,64,66,68,69,70,70,69,68,67,64,62,60,59,58,58,57,56,53,54,53,53,50,49,54,54,53,48,48,47,43,42,42,41,40,37,33,31,28,25,23,19,13,9,8,5,4,0,0,0,0,0,0,0,0,0,0,0,0,0,0,0,0,0,0,0,0,0,0,0,0,0,0,0,0,0,0,0,0,0,0,0,0,0,0,0,0,0,0,0,0,0,0
1993-1994,0,0,0,0,0,0,0,0,0,0,0,0,0,0,0,0,0,0,0,0,0,0,0,0,0,0,0,0,0,0,0,0,0,0,0,0,0,0,0,0,0,0,0,0,0,0,0,0,0,0,0,0,1,0,0,0,0,0,0,0,0,11,12,10,12,10,10,10,8,7,7,6,6,6,6,4,4,2,1,1,1,3,3,3,1,1,1,1,0,0,3,2,2,3,4,7,7,10,10,9,9,10,16,16,12,9,9,9,9,9,9,13,21,23,22,21,24,23,23,23,31,29,29,29,29,32,34,33,33,45,44,44,44,39,40,40,42,42,44,49,49,48,48,58,57,58,58,57,57,56,56,53,53,53,51,53,53,52,52,53,53,54,54,54,54,56,66,65,69,66,64,63,59,54,54,55,63,63,63,63,63,63,64,64,71,81,81,81,81,80,79,81,80,79,86,86,86,88,90,92,93,98,96,100,95,93,93,93,94,94,94,92,92,91,91,92,92,93,90,92,92,92,89,89,88,87,84,80,76,75,75,74,72,75,76,76,73,72,68,63,60,60,59,58,57,57,57,54,53,52,50,49,46,45,42,42,41,40,40,39,35,32,29,26,17,16,15,12,9,9,7,5,5,2,0,0,0,0,0,0,0,0,0,0,0,0,0,0,0,0,0,0,0,0,0,0,0,0,0,0,0,0,0,0
1994-1995,0,0,0,0,0,0,0,0,0,0,0,0,0,0,0,0,0,0,0,0,0,0,0,0,0,0,0,0,0,0,0,0,0,0,2,2,0,0,0,0,0,0,0,0,0,0,0,0,0,0,0,0,0,0,0,0,0,0,0,0,0,0,5,5,1,0,0,3,1,0,0,1,1,1,0,0,0,0,0,0,0,0,0,3,1,2,10,10,8,9,10,9,9,8,8,6,5,5,8,8,8,11,11,11,12,12,12,12,13,17,17,14,14,14,14,14,13,13,13,20,20,20,20,22,28,32,33,31,34,34,35,35,35,34,26,23,18,14,13,13,12,11,14,16,20,20,19,19,22,23,23,23,23,24,26,25,32,41,40,40,38,40,42,44,44,44,45,42,42,40,40,40,39,38,38,37,40,40,40,44,47,47,47,47,46,46,46,46,46,40,48,47,47,47,47,42,37,35,35,35,35,34,33,35,39,39,39,38,38,38,38,38,41,41,41,41,42,41,41,42,42,42,42,42,41,41,41,42,51,51,48,48,45,45,41,41,41,41,41,41,40,39,41,39,39,37,35,33,32,32,32,31,29,28,25,23,22,19,18,16,15,12,10,6,3,1,0,0,0,0,0,0,0,0,0,0,0,0,0,0,0,0,0,0,0,0,0,0,0,0,0,0,0,0,0,0,0,0,0,0,0,0,0,0
1995-1996,0,0,0,0,0,0,0,0,0,0,0,0,0,0,0,0,0,0,0,0,0,0,0,0,0,0,0,0,0,0,0,0,0,0,0,0,0,0,0,0,0,0,0,0,0,0,0,0,0,0,0,0,0,0,0,0,0,0,1,4,4,6,4,0,0,0,0,0,5,0,8,4,4,5,6,7,6,8,7,10,10,9,10,11,11,11,11,10,10,10,9,13,26,27,27,27,29,30,32,32,35,35,34,35,36,39,39,41,41,40,42,51,53,49,49,50,56,58,58,60,61,61,59,59,59,59,59,58,58,58,58,59,59,59,60,60,61,60,59,57,46,46,46,46,47,47,49,49,49,56,56,56,56,58,56,56,56,55,59,59,59,61,66,66,68,70,69,70,69,69,79,79,73,68,65,63,63,78,76,76,76,83,81,81,82,82,85,83,85,90,92,90,90,87,87,85,85,87,90,87,87,87,88,90,94,96,94,92,92,92,90,90,90,88,89,89,89,88,88,90,94,99,106,119,118,117,118,118,118,133,135,130,127,113,100,96,96,96,93,93,91,91,90,86,85,85,83,80,79,78,76,74,72,71,71,77,73,72,71,67,64,55,49,41,39,38,31,29,26,24,22,22,18,14,12,6,2,0,0,0,0,0,0,0,0,0,0,0,0,0,0,0,0,0,0,0,0,0,0,0,0,0,0,0
1996-1997,0,0,0,0,0,0,0,0,0,0,0,0,0,0,0,0,0,0,0,0,0,0,0,0,0,0,0,0,0,0,0,0,0,0,0,0,0,0,0,0,0,0,0,0,0,0,0,0,0,0,0,0,0,0,0,0,0,0,0,0,0,2,6,10,8,8,5,4,2,0,0,0,0,8,5,5,5,4,3,7,10,11,11,11,13,12,21,21,20,17,15,15,15,14,13,13,14,14,23,24,25,25,24,23,23,23,23,22,21,18,27,25,24,24,23,25,25,26,26,24,26,27,27,26,27,27,27,27,31,28,28,41,41,49,57,58,58,55,52,52,50,51,54,54,51,50,52,52,52,59,60,60,58,58,58,58,58,62,63,62,62,62,60,61,62,68,68,65,66,65,64,63,63,62,52,53,56,57,57,55,54,54,54,53,51,52,53,66,69,70,69,72,73,77,76,77,76,76,77,79,79,79,75,77,77,77,77,80,81,80,76,71,73,82,82,80,80,79,76,72,74,76,76,76,76,74,78,78,77,76,83,82,82,80,78,76,75,73,73,72,75,75,74,69,70,70,70,70,70,77,77,78,78,77,76,73,71,69,69,69,68,67,66,66,72,70,69,66,65,64,62,58,56,54,47,46,39,35,33,27,24,20,14,12,10,0,0,0,0,0,0,0,0,0,0,0,0,0,0,0,0,0,0,0
1997-1998,0,0,0,0,0,0,0,0,0,0,0,0,0,0,0,0,0,0,0,0,0,0,0,0,0,0,0,0,0,0,2,2,1,0,0,0,0,0,0,0,0,0,0,0,0,0,0,0,0,0,0,4,3,10,9,9,10,16,15,14,13,9,3,0,0,9,5,4,4,3,3,2,2,3,6,8,11,13,12,12,13,13,15,14,18,21,20,27,28,27,25,27,31,30,30,33,41,45,46,45,45,44,44,44,46,49,48,47,45,45,43,44,42,46,48,48,51,54,52,52,59,64,63,66,63,57,55,50,44,42,42,42,45,46,46,48,49,58,57,56,58,56,60,60,63,65,64,64,63,63,63,64,64,64,64,64,64,64,64,64,63,62,61,60,60,68,65,65,65,65,66,66,67,71,71,72,73,77,86,85,85,85,85,84,84,85,85,86,86,86,85,83,86,88,88,96,102,99,98,98,100,100,95,108,110,113,113,112,98,87,83,78,69,61,61,63,64,65,65,65,63,62,62,62,62,60,59,58,55,53,51,50,53,52,52,51,51,51,49,49,49,48,45,45,39,38,33,33,32,30,25,20,18,12,9,6,0,0,0,0,0,0,0,0,0,0,0,0,0,0,0,0,0,0,0,0,0,0,0,0,0,0,0,0,0,0,0,0,0,0,0,0,0,0,0,0,0,0,0,0,0,0,0,0
1998-1999,0,0,0,0,0,0,0,0,0,0,0,0,0,0,0,0,0,0,0,0,0,0,0,0,0,0,0,0,0,0,0,0,0,0,0,0,0,0,0,0,0,0,0,0,0,0,0,0,0,0,0,1,1,0,0,0,0,0,1,1,2,2,9,10,10,10,10,10,10,10,10,8,8,8,8,9,9,12,12,11,10,12,12,12,14,13,18,21,21,21,20,18,18,17,12,11,11,10,11,10,10,14,14,14,14,13,13,17,19,21,21,20,20,20,19,20,19,19,19,19,24,24,26,26,27,29,31,31,31,31,42,43,43,43,45,45,45,46,46,45,46,46,46,46,46,40,39,41,42,44,46,46,46,46,46,46,46,47,49,49,48,48,51,51,44,54,56,54,54,53,54,54,54,56,56,56,56,54,53,52,53,54,55,61,61,58,61,63,78,84,84,83,84,89,84,84,84,85,84,81,89,89,88,88,90,91,92,90,89,87,85,86,85,83,78,75,73,73,72,71,70,70,70,70,70,70,69,69,69,70,70,69,68,68,67,67,67,66,64,62,62,62,62,60,58,57,51,47,42,36,34,28,28,24,24,24,22,21,15,12,8,4,3,0,0,0,0,0,0,0,0,0,0,0,0,0,0,0,0,0,0,0,0,0,0,0,0,0,0,0,0,0,0,0,0,0,0,0,0,0,0,0,0,0
1999-2000,0,0,0,0,0,0,0,0,0,0,0,0,0,0,0,0,0,0,0,0,0,0,0,0,0,0,0,0,0,0,0,0,0,2,2,2,2,2,0,0,0,0,0,3,2,0,0,0,0,0,0,0,8,14,14,13,12,11,11,11,9,6,4,1,4,2,0,3,2,1,0,0,0,2,2,10,28,30,30,30,26,24,15,11,7,4,4,2,2,8,6,7,7,5,4,2,1,1,1,1,1,18,19,18,14,14,17,16,16,16,15,14,14,18,18,18,18,19,19,22,28,28,28,27,19,20,22,22,23,25,26,26,31,31,31,31,32,36,37,38,36,36,36,36,36,36,37,43,50,57,58,57,60,63,66,66,62,63,63,70,68,67,66,67,68,66,72,73,77,78,77,80,78,78,76,73,70,67,66,63,64,66,61,63,68,70,75,75,75,72,69,65,66,67,68,70,69,71,73,73,75,75,75,74,74,73,73,72,71,71,72,78,82,80,79,78,71,72,76,75,78,81,92,92,93,92,90,85,75,75,73,73,72,72,74,74,85,84,84,85,84,82,82,80,78,78,73,65,62,54,48,48,36,33,29,27,25,23,18,17,16,16,16,12,6,5,5,5,3,3,0,0,0,0,0,0,0,0,0,0,0,0,0,0,0,0,0,0,0,0,0,0,0,0,0,0,0,0,0,0,0,0,0,0
2000-2001,0,0,0,0,0,0,0,0,0,0,0,0,0,0,0,0,0,0,0,0,0,0,0,0,0,0,0,0,0,0,0,0,0,0,0,0,0,5,6,7,11,9,5,0,0,0,0,0,0,0,0,0,0,0,0,0,0,0,7,7,0,5,5,4,2,9,9,6,5,0,0,0,0,0,0,5,5,6,7,6,6,9,16,19,16,15,11,12,12,12,14,20,25,24,23,21,22,25,23,22,21,24,28,26,30,31,30,30,31,32,39,39,39,41,42,48,47,45,45,44,44,54,58,55,54,57,58,57,54,52,53,59,60,59,59,56,56,58,62,62,63,63,63,64,63,63,64,62,62,63,63,62,66,68,68,73,72,72,79,81,83,80,72,72,72,72,72,72,78,84,83,82,80,82,82,85,86,85,84,84,86,86,87,86,85,84,89,98,96,95,95,103,104,106,108,110,112,109,109,108,108,108,109,114,120,128,126,124,124,132,132,130,131,129,127,126,125,123,125,122,123,120,120,117,116,111,110,108,107,107,107,107,107,106,96,94,92,81,80,78,76,75,74,70,64,59,55,53,50,48,46,44,42,36,33,30,26,24,22,20,18,18,18,13,9,6,4,1,0,0,0,0,1,6,0,0,0,0,0,0,0,0,0,0,0,0,0,0,0,0,0,0,0,0,0,0,0,0,0,0,0,0,0,0
2001-2002,0,0,0,0,0,0,0,0,0,0,0,0,0,0,0,0,0,0,0,0,0,0,0,0,0,0,0,0,0,0,0,0,0,0,0,0,0,0,6,2,0,0,0,0,0,0,0,1,0,0,0,0,0,0,0,0,4,4,4,4,4,2,0,0,0,0,0,0,6,6,7,12,16,16,13,9,3,3,3,2,2,1,0,1,1,1,0,0,0,2,1,0,0,0,0,0,0,0,0,2,0,1,1,1,0,5,5,8,7,0,11,13,13,16,17,17,17,17,16,18,21,25,26,28,30,30,30,30,31,27,25,27,29,32,33,35,35,40,40,45,45,43,45,45,45,45,47,48,48,46,46,45,48,50,52,49,51,51,52,54,53,53,53,54,54,55,58,57,59,61,59,59,58,54,57,58,58,56,56,59,65,64,64,64,60,61,62,64,65,63,61,58,58,59,59,59,58,58,57,59,62,65,69,69,72,74,71,71,77,77,76,75,73,76,75,74,76,76,75,75,75,71,68,68,67,62,58,54,46,40,35,28,26,24,24,30,27,27,30,30,33,36,33,38,41,43,40,36,34,28,27,27,23,22,22,22,28,35,32,27,30,28,28,29,27,25,23,22,20,15,11,8,6,2,0,0,0,0,0,0,0,0,0,0,0,0,0,0,0,0,0,0,0,0,0,0,0,0,0,0,0,0,0,0
2002-2003,0,0,0,0,0,0,0,0,0,0,0,0,0,0,0,0,0,0,0,0,0,0,0,0,0,0,0,0,0,0,0,0,0,0,0,0,0,0,0,0,0,0,0,0,0,0,0,2,0,1,0,0,0,0,0,5,4,4,4,4,4,7,12,11,11,10,13,16,15,13,11,5,3,3,3,3,3,0,15,15,15,13,12,24,24,23,23,24,26,33,34,37,39,40,38,39,38,37,42,41,37,36,37,35,35,38,38,38,38,36,33,34,34,34,42,42,42,46,46,46,46,45,44,44,44,59,58,57,57,60,62,61,63,64,65,66,64,66,65,65,64,65,65,65,65,66,66,69,70,70,70,70,69,69,71,72,74,76,76,76,76,77,78,78,80,81,80,80,78,78,79,76,76,76,75,76,78,78,78,78,78,78,78,79,81,81,85,86,85,85,90,88,89,89,90,89,89,89,81,79,78,78,76,74,75,74,73,71,71,70,68,70,74,72,71,72,72,78,77,76,78,78,77,77,75,74,73,73,64,64,64,63,59,57,54,57,66,65,63,58,54,53,53,51,48,48,46,46,42,40,38,37,36,33,31,22,27,26,24,22,22,18,15,6,6,3,1,0,0,0,0,0,0,0,0,0,0,0,0,0,0,0,0,0,0,0,0,0,0,0,0,0,0,0,0,0,0,0,0,0,0,0,0,0
2003-2004,0,0,0,0,0,0,0,0,0,0,0,0,0,0,0,0,0,0,0,0,0,0,0,0,0,0,0,0,0,0,0,0,2,1,1,0,0,0,0,0,0,0,0,0,0,0,1,2,2,2,1,0,0,2,2,1,0,0,0,0,0,0,0,0,0,0,0,0,2,1,1,1,0,1,26,25,24,21,16,13,12,11,11,11,9,11,11,10,10,10,12,15,18,21,25,22,27,42,36,33,30,26,26,27,27,46,44,41,57,56,56,55,52,50,45,40,57,56,56,51,52,51,53,54,53,53,52,53,54,55,55,55,58,60,62,62,62,60,61,60,63,62,64,65,66,66,66,66,66,67,69,69,70,70,67,67,72,74,75,76,77,76,78,81,82,80,82,82,82,82,81,81,80,82,85,84,84,84,90,90,90,90,90,88,88,88,87,84,84,87,89,87,87,87,93,93,93,93,93,93,93,94,100,99,99,100,99,91,85,85,83,82,81,79,79,79,80,98,92,91,90,89,89,89,87,88,84,84,83,82,78,73,70,68,65,63,63,63,62,61,61,59,54,48,40,36,42,39,37,33,33,32,32,24,21,16,10,7,5,3,3,0,0,0,0,0,0,0,0,0,0,0,0,0,0,0,0,0,0,0,0,0,0,0,0,0,0,0,0,0,0,0,0,0,0,0,0,0,0,0,0,0,0,0
2004-2005,0,0,0,0,0,0,0,0,0,0,0,0,0,0,0,0,0,0,0,0,0,0,0,0,0,0,0,0,0,0,0,0,0,0,0,0,0,0,0,0,0,0,0,0,0,0,0,0,0,0,0,0,0,0,0,0,0,0,0,0,0,1,1,1,1,3,5,5,5,9,8,6,6,6,6,5,5,5,5,3,2,2,2,0,0,0,0,0,0,3,3,7,9,10,11,11,12,12,13,13,15,18,21,24,30,28,27,29,29,29,31,31,30,29,25,25,25,29,30,30,30,29,28,28,29,30,31,32,33,34,35,36,36,36,35,38,40,40,41,41,40,44,43,43,43,43,48,49,48,47,47,45,44,44,43,43,42,42,41,40,40,41,48,52,55,58,56,57,59,60,65,64,64,66,64,69,68,66,65,63,61,63,65,78,74,72,70,70,72,71,75,75,75,78,79,77,80,80,79,78,78,77,77,77,76,75,76,76,76,75,70,69,68,68,69,64,65,66,65,64,63,62,60,60,60,60,60,59,58,53,53,52,52,50,48,47,45,47,46,44,43,45,43,41,42,42,42,42,41,39,38,36,33,33,30,27,26,21,20,18,17,17,15,15,12,12,9,8,7,5,3,0,0,0,0,0,0,0,0,0,0,0,0,0,0,0,0,0,0,0,0,0,0,0,0,0,0,0,0,0,0,0,0,0
2005-2006,0,0,0,0,0,0,0,0,0,0,0,0,0,0,0,0,0,0,0,0,0,0,0,0,0,0,0,0,0,0,0,0,0,0,0,0,0,0,0,0,0,0,0,0,0,0,0,0,0,0,0,0,5,3,1,21,20,18,18,14,11,9,6,4,3,0,0,0,0,0,0,4,0,3,0,0,0,2,3,0,4,2,5,15,15,17,18,18,12,9,3,2,12,14,18,18,18,23,21,23,23,23,24,23,23,23,28,29,29,31,36,40,40,37,40,34,31,36,34,32,33,33,33,30,30,30,33,37,37,38,38,37,36,35,35,33,41,41,40,40,40,40,40,43,43,43,46,51,51,51,47,48,49,50,50,52,52,48,50,55,55,55,56,56,53,53,57,57,55,54,54,53,55,59,59,59,68,69,67,65,65,65,66,64,67,79,74,71,70,70,68,66,66,62,60,57,60,74,76,77,74,77,73,72,70,70,70,68,66,66,65,64,63,61,56,54,62,63,63,65,67,66,65,62,60,58,56,55,53,52,51,50,48,48,47,46,45,45,45,45,45,44,44,44,40,38,35,32,31,31,27,25,22,20,17,15,11,6,4,2,0,0,0,1,4,6,2,1,0,0,1,0,0,0,0,0,0,0,0,0,0,0,0,0,0,0,0,0,0,0,0,0,0,0,0,0,0,0,0,0,0,0,0,0
2006-2007,0,0,0,0,0,0,0,0,0,0,0,0,0,0,0,0,0,0,0,0,0,0,0,0,0,0,0,0,0,0,0,0,0,0,0,0,0,0,0,0,0,0,0,0,0,0,0,0,0,0,5,4,4,6,17,19,18,13,21,24,21,18,18,18,18,18,17,17,16,12,10,10,8,4,1,1,1,0,0,0,1,0,0,0,0,0,0,0,0,0,0,0,0,1,6,8,7,10,13,13,10,10,9,9,6,6,9,7,6,10,10,10,10,8,10,11,14,15,16,16,22,23,22,23,22,22,20,18,14,14,15,20,20,19,20,21,24,28,26,26,26,35,35,35,34,37,36,36,36,36,35,35,36,39,39,45,45,43,41,41,46,53,54,53,53,53,77,75,73,73,77,77,74,71,69,70,70,70,71,70,70,70,70,77,78,83,89,88,85,85,85,85,83,80,80,76,69,68,76,88,84,82,79,75,72,71,70,69,63,61,61,61,60,60,60,60,62,73,76,76,79,81,82,81,85,88,93,96,90,99,97,96,95,93,84,75,73,71,70,70,69,64,62,62,62,61,61,60,60,57,53,47,43,39,39,36,32,31,28,28,28,27,23,20,18,11,10,9,8,2,0,0,0,0,0,0,0,0,0,0,0,0,0,0,0,0,0,0,0,0,0,0,0,0,0,0,0,0,0,0,0,0,0,0
2007-2008,0,0,0,0,0,0,0,0,0,0,0,0,0,0,0,0,0,0,0,0,0,0,0,0,0,0,0,0,0,0,0,0,0,0,0,0,0,0,0,0,0,0,0,0,0,0,0,0,0,0,0,0,0,0,0,0,0,0,0,0,0,0,0,0,0,0,6,7,7,7,7,7,6,6,5,4,13,15,15,14,15,16,16,24,27,24,22,20,22,22,22,24,23,36,40,39,40,40,41,37,37,37,38,38,42,42,51,52,54,54,55,55,55,49,51,51,51,51,53,54,54,61,64,66,65,65,65,64,63,48,42,42,43,43,42,43,45,44,44,48,48,49,48,51,56,57,58,60,62,60,59,62,62,64,65,65,65,67,68,77,78,78,85,82,82,83,83,86,86,85,77,77,77,77,81,81,81,81,81,85,87,87,90,92,90,87,88,90,90,90,96,96,94,95,95,96,96,97,98,97,100,107,110,110,108,107,106,106,106,108,109,108,107,99,96,96,98,98,98,97,97,97,94,93,92,92,92,92,92,90,89,84,82,74,71,66,61,60,59,56,54,54,54,53,52,51,51,50,47,43,41,39,38,33,30,27,24,23,20,20,18,18,18,12,11,11,10,8,6,3,3,1,0,0,0,0,0,0,0,0,0,0,0,0,0,0,0,0,0,0,0,0,0,0,0,0,0,0,0,0,0,0,0,0
2008-2009,0,0,0,0,0,0,0,0,0,0,0,0,0,0,0,0,0,0,0,0,0,0,0,0,0,0,0,0,0,0,0,0,0,0,0,0,0,0,0,0,0,0,0,0,0,0,0,0,0,0,0,1,1,0,0,0,0,0,11,12,12,12,11,10,5,4,1,0,0,0,7,9,8,7,6,5,0,0,4,4,4,0,18,12,10,12,13,13,14,16,16,18,17,16,16,17,17,19,25,25,19,19,25,25,25,21,20,29,29,33,37,36,41,41,43,39,38,37,30,30,33,33,34,35,38,39,39,40,42,51,53,53,51,50,50,52,52,52,52,53,51,51,50,52,52,55,58,58,58,65,70,71,74,72,70,70,70,70,70,70,66,66,66,66,61,64,63,63,63,63,66,69,73,77,78,86,87,87,87,84,84,81,78,79,82,78,78,78,78,79,79,79,79,79,79,79,79,79,79,78,78,78,78,79,81,83,82,82,81,80,78,78,84,84,82,81,80,86,85,88,89,90,90,90,90,88,88,87,87,87,86,84,83,83,81,82,81,81,70,64,55,54,53,50,50,44,41,41,37,38,36,35,35,27,25,23,22,21,20,18,15,12,9,6,5,5,0,0,0,0,0,0,0,0,0,0,0,0,0,0,0,0,0,0,0,0,0,0,0,0,0,0,0,0,0,0,0,0,0,0,0,0,0,0
2009-2010,0,0,0,0,0,0,0,0,0,0,0,0,0,0,0,0,0,0,0,0,0,0,0,0,0,0,0,0,0,0,3,1,0,0,0,0,0,0,0,0,0,0,3,3,3,2,2,2,2,1,0,0,0,0,0,0,0,0,0,0,0,0,0,0,0,0,1,1,0,0,0,0,0,0,0,0,0,0,0,0,0,0,0,0,0,0,0,3,20,12,12,13,13,10,10,10,10,12,15,18,22,23,23,23,23,24,25,30,30,30,30,26,26,30,30,30,30,27,33,40,40,37,38,42,49,54,54,54,55,56,56,55,51,53,54,50,48,48,48,47,46,46,46,46,46,46,44,46,52,55,57,57,57,60,60,59,63,65,65,62,63,61,61,60,59,59,59,62,61,61,62,65,65,69,70,71,88,93,96,101,96,99,102,100,100,98,98,98,98,94,92,92,91,91,91,91,90,88,86,86,86,85,84,83,80,81,79,81,81,77,78,77,76,73,70,69,58,54,54,48,48,45,45,46,45,44,43,43,46,49,54,53,52,51,48,47,46,45,44,51,66,62,58,56,42,36,32,29,26,25,24,35,35,34,30,27,26,26,22,19,16,14,11,10,9,0,0,0,0,0,0,0,0,0,0,0,0,0,0,0,0,0,0,0,0,0,0,0,0,0,0,0,0,0,0,0,0,0,0,0,0,0,0,0
2010-2011,0,0,0,0,0,0,0,0,0,0,0,0,0,0,0,0,0,0,0,0,0,0,0,0,0,0,0,0,0,0,0,0,0,0,0,0,0,0,0,0,0,0,0,0,6,12,11,8,7,6,0,7,7,7,5,4,0,0,0,3,7,10,7,7,8,7,8,8,7,5,0,5,4,4,4,3,2,0,0,2,3,3,3,2,1,0,1,2,3,3,3,2,4,4,5,0,13,32,34,31,29,29,24,22,21,21,24,26,27,27,24,24,25,29,29,29,29,30,30,30,30,30,28,24,24,25,29,29,30,31,35,40,38,40,43,43,44,48,48,48,48,49,51,51,51,50,50,50,47,47,47,48,50,53,57,59,59,59,65,65,67,67,67,68,68,69,67,71,69,68,66,70,62,63,63,63,63,70,71,72,72,72,72,74,74,73,71,70,90,90,88,93,91,92,92,92,92,90,90,90,90,88,90,95,95,95,96,98,98,98,97,96,96,97,97,98,100,99,102,100,100,100,90,90,84,83,83,83,83,81,81,81,81,82,82,83,81,79,77,73,70,60,60,55,50,49,47,50,52,52,48,44,41,39,37,36,35,26,23,23,20,18,17,16,6,0,2,0,0,0,0,0,0,0,0,0,0,0,0,0,0,0,0,0,0,0,0,0,0,0,0,0,0,0,0,0,0,0,0,0,0,0,0,0
2011-2012,0,0,0,0,0,0,0,0,0,0,0,0,0,0,0,0,0,0,0,0,0,0,0,0,0,0,0,0,0,0,0,0,0,0,0,0,0,0,0,0,0,0,0,0,0,0,0,0,0,0,0,0,0,0,0,0,0,0,0,2,1,1,1,0,2,2,0,0,0,0,0,2,2,2,0,0,0,0,0,0,0,0,0,8,8,0,6,6,5,1,0,0,3,2,2,1,0,0,4,3,3,3,3,3,4,2,2,5,5,0,4,4,3,7,7,11,14,13,20,21,22,22,18,21,24,22,23,24,24,25,27,25,24,26,30,34,34,34,32,32,32,37,37,35,34,32,34,33,35,37,39,44,45,40,43,44,46,46,46,47,46,46,46,46,46,47,48,48,47,48,48,48,48,48,49,53,54,67,81,81,78,78,81,81,80,80,80,77,77,68,68,68,68,65,62,62,60,59,58,50,41,39,35,30,29,28,26,27,27,27,27,30,30,27,24,24,26,28,28,27,27,36,49,49,49,48,47,44,37,32,32,31,30,29,27,25,25,25,24,28,28,28,28,27,23,21,20,20,16,15,14,12,8,7,6,3,2,0,0,0,0,0,0,0,0,0,0,0,0,0,0,0,0,0,0,0,0,0,0,0,0,0,0,0,0,0,0,0,0,0,0,0,0,0,0,0,0,0,0,0,0,0,0,0
2012-2013,0,0,0,0,0,0,0,0,0,0,0,0,0,0,0,0,0,0,0,0,0,0,0,0,0,0,0,0,0,0,0,0,0,0,0,0,0,0,0,0,0,0,0,0,0,0,0,0,0,0,0,0,0,0,0,0,0,0,0,0,0,0,0,2,7,10,10,10,10,9,9,5,2,4,4,4,4,0,3,3,3,3,3,2,5,5,6,6,6,9,13,13,10,7,5,5,5,3,3,3,3,5,6,6,6,6,0,9,12,18,20,22,28,42,42,36,36,45,43,44,45,44,46,46,46,47,50,50,51,51,50,48,46,44,40,39,34,34,34,34,38,39,41,39,39,40,41,41,41,42,43,38,36,38,39,39,43,43,44,44,55,55,53,52,56,57,56,57,59,58,57,57,59,65,64,64,65,64,63,65,65,64,63,65,65,66,66,66,65,65,64,64,61,61,60,63,63,65,65,65,70,75,76,79,82,82,82,82,77,77,79,78,77,81,87,82,82,81,81,81,79,77,75,75,75,76,78,78,75,75,72,66,60,60,60,59,59,57,57,55,55,54,51,46,42,42,36,33,33,28,24,20,16,12,9,9,8,8,6,0,2,1,0,0,0,0,0,4,6,5,3,0,0,0,0,0,0,0,0,0,0,0,0,0,0,0,0,0,0,0,0,0,0,0,0,0,0,0,0,0,0,0,0,0
2013-2014,0,0,0,0,0,0,0,0,0,0,0,0,0,0,0,0,0,0,0,0,0,0,0,0,0,0,0,0,0,0,0,0,0,0,0,0,0,0,0,0,0,0,0,0,0,0,0,0,0,0,0,0,0,3,0,8,8,8,8,7,6,0,0,0,0,0,0,0,3,3,4,14,17,21,19,16,14,13,6,7,7,0,6,8,14,12,11,11,21,21,21,21,19,19,17,16,14,14,13,16,16,17,17,20,20,22,24,24,23,23,23,21,17,16,16,16,20,21,20,20,22,22,23,24,24,24,24,22,22,23,24,24,22,22,23,23,22,25,24,24,26,33,33,33,32,31,36,42,40,40,36,36,36,35,38,38,38,39,41,43,43,42,44,46,46,46,60,59,59,59,60,59,59,59,59,59,57,62,62,60,60,60,60,63,63,63,63,62,62,62,59,63,64,66,76,75,75,80,79,77,76,75,86,87,87,85,85,84,84,86,85,87,86,86,84,84,83,82,82,82,80,80,80,77,76,74,67,58,63,63,61,63,61,58,56,54,53,53,54,57,57,54,54,53,54,52,52,49,51,51,48,48,43,42,39,34,33,28,23,18,18,16,15,12,9,7,4,2,0,0,0,0,0,0,0,0,0,0,0,0,0,0,0,0,0,0,0,0,0,0,0,0,0,0,0,0,0,0,0,0,0,0,0,0
2014-2015,0,0,0,0,0,0,0,0,0,0,0,0,0,0,0,0,0,0,0,0,0,0,0,0,0,0,0,0,0,0,0,0,0,0,0,0,0,0,0,0,0,0,0,0,0,0,0,0,0,0,0,0,0,0,0,0,0,0,0,0,0,0,3,2,0,0,0,5,5,5,5,4,2,0,4,4,4,6,0,9,9,13,11,10,6,3,5,9,12,14,14,9,9,10,12,12,13,13,14,15,30,30,31,30,29,29,29,29,33,33,33,33,33,34,32,30,29,29,28,28,28,29,32,34,33,34,36,38,40,40,42,44,43,44,46,45,45,45,46,46,56,58,58,58,56,54,55,55,55,55,56,57,59,59,62,63,64,67,71,76,76,76,73,71,72,72,71,72,72,72,72,75,74,76,79,83,81,80,79,76,74,75,76,79,78,79,79,78,78,80,84,84,82,83,81,81,84,84,85,85,85,84,85,87,87,87,84,86,87,88,87,87,87,88,88,83,87,86,87,88,88,90,88,88,86,82,77,77,76,74,72,71,71,70,70,72,72,75,74,77,73,71,70,68,67,64,58,53,51,47,42,40,34,28,25,21,21,20,19,14,12,7,7,5,0,2,2,0,0,0,0,0,0,0,0,0,0,0,0,0,0,0,0,0,0,0,0,0,0,0,0,0,0,0,0,0,0,0,0,0,0,0,0,0
2015-2016,0,0,0,0,0,0,0,0,0,0,0,0,0,0,0,0,0,0,0,0,0,0,0,0,0,0,0,0,0,0,0,0,0,0,0,0,0,0,0,0,0,0,0,0,0,0,2,3,3,0,0,0,0,0,0,0,0,0,0,0,0,0,0,0,0,0,0,0,0,0,0,0,0,0,8,6,6,6,6,5,2,0,0,2,3,4,4,0,0,1,1,1,0,3,4,5,4,4,4,4,2,2,3,2,1,1,1,0,1,2,4,4,2,2,0,0,0,1,2,6,6,6,8,9,11,15,15,15,12,12,11,11,11,12,17,17,17,17,17,24,25,29,28,27,24,24,24,24,23,23,25,23,23,23,23,21,20,20,21,21,21,22,22,24,24,24,24,24,23,23,24,24,26,30,30,30,31,30,34,34,34,34,33,35,35,35,35,34,35,33,31,28,26,26,26,26,25,24,24,25,25,26,26,26,27,28,28,29,28,28,35,34,32,27,27,27,28,28,28,33,35,36,38,36,35,35,35,35,35,33,31,30,30,29,28,24,24,24,27,27,22,24,24,24,24,24,24,22,22,20,20,20,19,17,16,15,14,13,18,16,14,12,11,10,6,4,2,0,0,0,0,0,0,0,0,0,0,0,0,0,0,0,0,0,0,0,0,0,0,0,0,0,0,0,0,0,0,0,0,0,0,0,0,0
Average Season,0,0,0,0,0,0,0,0,0,0,0,0,0,0,0,0,0,0,0,0,0,0,0,0,0,0,0,0,0,0,0,0,0,0,0,0,0,0,0,0,0,0,0,0,0,0,0,0,0,0,0,0,1,1,1,2,2,2,2,2,2,2,2,2,2,2,3,3,3,3,3,4,4,5,5,5,5,5,6,6,7,8,8,9,9,9,10,10,10,11,11,13,13,15,16,16,17,18,19,20,20,20,21,21,21,22,23,25,26,26,27,27,28,29,29,29,31,31,32,32,33,33,33,34,34,35,35,36,36,37,37,38,38,39,40,40,40,41,42,42,42,43,44,44,44,45,45,46,47,48,49,50,51,51,52,51,52,53,54,55,55,56,56,56,56,57,59,59,59,60,60,60,60,60,60,61,62,63,64,64,64,64,65,66,66,66,67,67,68,68,69,68,69,69,70,70,70,71,71,71,71,71,71,72,72,72,72,72,71,71,70,69,68,67,67,67,67,67,67,67,68,68,68,68,67,67,66,65,63,63,61,60,59,57,55,54,54,53,52,51,50,48,47,45,44,42,41,39,38,36,35,33,32,29,27,25,24,22,21,19,18,16,14,12,11,9,8,7,6,5,5,4,3,3,2,2,1,1,1,0,0,0,0,0,0,0,0,0,0,0,0,0,0,0,0,0,0,0,0,0,0,0,0,0
2016-2017,0,0,0,0,0,0,0,0,0,0,0,0,0,0,0,0,0,0,0,0,0,0,0,0,0,0,0,0,0,0,0,0,0,0,0,0,0,0,0,0,0,0,0,0,0,0,0,0,0,0,0,0,10,10,10,11,11,11,10,7,9,7,6,3,4,4,4,0,0,0,0,0,0,0,0,0,0,0,0,0,5,11,14,14,13,12,12,12,12,11,8,8,15,25,25,28,28,26,30,34,34,34,35,36,35,40,40,42,36,35,35,34,37,38,41,43,43,40,44,,,,,,,,,,,,,,,,,,,,,,,,,,,,,,,,,,,,,,,,,,,,,,,,,,,,,,,,,,,,,,,,,,,,,,,,,,,,,,,,,,,,,,,,,,,,,,,,,,,,,,,,,,,,,,,,,,,,,,,,,,,,,,,,,,,,,,,,,,,,,,,,,,,,,,,,,,,,,,,,,,,,,,,,,,,,,,,,,,,,,,,,,
